"","slide","initialAOI","fixationTime","correctedAOI","Transition","Transition"
"1","fruit.bmp",9,0.13139,9,"Invalid","Invalid"
"2","fruit.bmp",8,0.19716,8,"Surface","Surface"
"3","fruit.bmp",4,0.36152,4,"Invalid","Invalid"
"4","fruit.bmp",6,0.22952,6,"Surface","Surface"
"5","fruit.bmp",3,0.29581,3,"Meaningful","Meaningful"
"6","fruit.bmp",0,0.19758,0,"Invalid","Invalid"
"7","fruit.bmp",4,1.31313,4,"Invalid","Invalid"
"8","fruit.bmp",0,0.91954,0,"Invalid","Invalid"
"9","fruit.bmp",1,1.0181,1,"Invalid","Invalid"
"10","fruit.bmp",6,0.62444,6,"Invalid","Invalid"
"11","fruit.bmp",7,1.44315,7,"Invalid","Invalid"
"12","intro.bmp",5,0.73923,5,"Invalid","Invalid"
"13","intro.bmp",6,0.26239,6,"Surface","Surface"
"14","intro.bmp",4,0.04972,4,"Surface","Surface"
"15","intro.bmp",0,0.39568,0,"Invalid","Invalid"
"16","intro.bmp",6,0.24609,6,"Invalid","Invalid"
"17","intro.bmp",3,0.19723,3,"Meaningful","Meaningful"
"18","intro.bmp",2,0.2134,2,"Surface","Surface"
"19","intro.bmp",1,0.21356,1,"Surface","Surface"
"20","intro.bmp",8,0.21513,8,"Invalid","Invalid"
"21","intro.bmp",6,0.21331,6,"Invalid","Invalid"
"22","intro.bmp",5,0.37804,5,"Surface","Surface"
"23","intro.bmp",7,0.19622,7,"Invalid","Invalid"
"24","intro.bmp",0,1.09983,0,"Invalid","Invalid"
"25","intro.bmp",6,0.3282,6,"Invalid","Invalid"
"26","intro.bmp",3,0.26291,3,"Meaningful","Meaningful"
"27","intro.bmp",0,0.04943,0,"Invalid","Invalid"
"28","intro.bmp",7,0.37803,7,"Invalid","Invalid"
"29","intro.bmp",1,0.32894,1,"Meaningful","Meaningful"
"30","intro.bmp",6,0.41048,6,"Invalid","Invalid"
"31","intro.bmp",10,1.18281,10,"Invalid","Invalid"
"32","intro.bmp",5,0.21344,5,"Invalid","Invalid"
"33","intro.bmp",6,0.22986,6,"Surface","Surface"
"34","intro.bmp",0,0.24486,0,"Invalid","Invalid"
"35","intro.bmp",5,0.49219,5,"Invalid","Invalid"
"36","intro.bmp",0,0.24609,0,"Invalid","Invalid"
"37","intro.bmp",1,0.60843,1,"Invalid","Invalid"
"38","intro.bmp",3,0.22961,3,"Surface","Surface"
"39","intro.bmp",2,0.37784,2,"Surface","Surface"
"40","intro.bmp",5,0.24667,5,"Meaningful","Meaningful"
"41","intro.bmp",6,0.22971,6,"Surface","Surface"
"42","intro.bmp",9,0.24586,9,"Meaningful","Meaningful"
"43","intro.bmp",5,0.23042,5,"Invalid","Invalid"
"44","intro.bmp",4,0.26264,4,"Surface","Surface"
"45","intro.bmp",5,0.3447,5,"Surface","Surface"
"46","intro.bmp",6,0.65711,6,"Surface","Surface"
"47","intro.bmp",4,0.21352,4,"Surface","Surface"
"48","intro.bmp",8,0.27876,8,"Invalid","Invalid"
"49","intro.bmp",9,0.24656,9,"Surface","Surface"
"50","intro.bmp",3,0.24588,3,"Meaningful","Meaningful"
"51","intro.bmp",1,0.50912,1,"Surface","Surface"
"52","intro.bmp",4,0.41105,4,"Meaningful","Meaningful"
"53","intro.bmp",6,0.23012,6,"Surface","Surface"
"54","intro.bmp",3,0.22816,3,"Meaningful","Meaningful"
"55","intro.bmp",2,0.31239,2,"Surface","Surface"
"56","intro.bmp",5,0.24677,5,"Meaningful","Meaningful"
"57","intro.bmp",6,0.46091,6,"Surface","Surface"
"58","intro.bmp",4,0.19702,4,"Surface","Surface"
"59","intro.bmp",7,0.4099,7,"Meaningful","Meaningful"
"60","intro.bmp",8,0.64125,8,"Surface","Surface"
"61","intro.bmp",6,0.19728,6,"Invalid","Invalid"
"62","intro.bmp",2,0.31203,2,"Invalid","Invalid"
"63","intro.bmp",5,0.3778,5,"Meaningful","Meaningful"
"64","intro.bmp",9,0.24655,9,"Invalid","Invalid"
"65","intro.bmp",7,0.23046,7,"Surface","Surface"
"66","intro.bmp",6,0.21408,6,"Invalid","Invalid"
"67","0.bmp",5,0.60764,5,"Invalid","Invalid"
"68","0.bmp",10,0.24551,10,"Invalid","Invalid"
"69","0.bmp",6,0.21371,6,"Invalid","Invalid"
"70","0.bmp",10,0.70701,10,"Invalid","Invalid"
"71","0.bmp",4,0.26373,4,"Invalid","Invalid"
"72","0.bmp",6,0.34513,6,"Meaningful","Meaningful"
"73","0.bmp",4,0.24654,4,"Meaningful","Meaningful"
"74","0.bmp",8,0.2136,8,"Invalid","Invalid"
"75","0.bmp",7,0.23129,7,"Meaningful","Meaningful"
"76","0.bmp",9,0.19737,9,"Meaningful","Meaningful"
"77","0.bmp",6,0.36156,6,"Surface","Surface"
"78","0.bmp",3,0.23035,3,"Surface","Surface"
"79","0.bmp",4,0.80161,4,"Invalid","Invalid"
"80","0.bmp",1,0.41062,1,"Surface","Surface"
"81","0.bmp",7,0.29553,7,"Surface","Surface"
"82","0.bmp",8,0.36139,8,"Meaningful","Meaningful"
"83","0.bmp",7,0.42751,7,"Meaningful","Meaningful"
"84","0.bmp",6,0.88686,6,"Invalid","Invalid"
"85","0.bmp",4,1.21586,4,"Meaningful","Meaningful"
"86","0.bmp",8,0.82147,8,"Invalid","Invalid"
"87","0.bmp",10,0.31232,10,"Invalid","Invalid"
"88","0.bmp",4,0.72315,4,"Invalid","Invalid"
"89","0.bmp",6,0.26348,6,"Meaningful","Meaningful"
"90","0.bmp",3,0.22182,3,"Surface","Surface"
"91","0.bmp",0,0.29523,0,"Invalid","Invalid"
"92","0.bmp",9,0.46004,9,"Invalid","Invalid"
"93","0.bmp",10,0.19756,10,"Invalid","Invalid"
"94","0.bmp",2,0.73973,2,"Invalid","Invalid"
"95","0.bmp",1,0.29652,1,"Meaningful","Meaningful"
"96","0.bmp",4,0.24644,4,"Surface","Surface"
"97","0.bmp",7,0.27931,7,"Surface","Surface"
"98","0.bmp",9,0.21352,9,"Meaningful","Meaningful"
"99","0.bmp",8,0.24629,8,"Meaningful","Meaningful"
"100","0.bmp",5,0.21382,5,"Surface","Surface"
"101","0.bmp",4,0.21442,4,"Meaningful","Meaningful"
"102","0.bmp",6,0.80843,6,"Meaningful","Meaningful"
"103","0.bmp",3,0.67384,3,"Surface","Surface"
"104","0.bmp",5,0.24617,5,"Invalid","Invalid"
"105","0.bmp",3,0.46009,3,"Invalid","Invalid"
"106","0.bmp",2,0.25903,2,"Meaningful","Meaningful"
"107","0.bmp",1,0.22711,1,"Meaningful","Meaningful"
"108","0.bmp",7,0.19713,7,"Surface","Surface"
"109","0.bmp",8,0.62451,8,"Meaningful","Meaningful"
"110","0.bmp",9,0.6697,9,"Meaningful","Meaningful"
"111","0.bmp",4,0.56261,4,"Invalid","Invalid"
"112","0.bmp",1,0.32894,1,"Surface","Surface"
"113","0.bmp",9,0.8816,9,"Invalid","Invalid"
"114","0.bmp",6,0.3119,6,"Surface","Surface"
"115","0.bmp",9,0.55788,9,"Surface","Surface"
"116","0.bmp",6,0.19646,6,"Surface","Surface"
"117","0.bmp",5,0.47897,5,"Meaningful","Meaningful"
"118","0.bmp",3,0.29599,3,"Invalid","Invalid"
"119","0.bmp",6,0.80486,6,"Surface","Surface"
"120","0.bmp",3,0.24657,3,"Surface","Surface"
"121","0.bmp",2,0.23005,2,"Meaningful","Meaningful"
"122","0.bmp",3,0.32855,3,"Meaningful","Meaningful"
"123","1.bmp",1,0.47607,5,"Invalid","Invalid"
"124","1.bmp",0,0.37712,0,"Invalid","Invalid"
"125","1.bmp",8,0.49308,8,"Invalid","Invalid"
"126","1.bmp",9,1.16568,6,"Invalid","Invalid"
"127","1.bmp",6,0.22842,3,"Surface","Surface"
"128","1.bmp",5,0.44342,4,"Invalid","Invalid"
"129","1.bmp",7,0.34496,9,"Invalid","Invalid"
"130","1.bmp",6,0.24615,3,"Surface","Surface"
"131","1.bmp",9,0.70697,6,"Surface","Surface"
"132","1.bmp",10,0.21342,10,"Invalid","Invalid"
"133","1.bmp",3,0.60732,1,"Invalid","Invalid"
"134","1.bmp",9,0.27921,6,"Invalid","Invalid"
"135","1.bmp",3,0.70653,1,"Invalid","Invalid"
"136","1.bmp",2,0.42691,2,"Meaningful","Meaningful"
"137","1.bmp",6,0.21408,3,"Meaningful","Meaningful"
"138","1.bmp",10,0.39465,10,"Invalid","Invalid"
"139","1.bmp",7,0.62639,9,"Invalid","Invalid"
"140","1.bmp",8,0.27878,8,"Meaningful","Meaningful"
"141","1.bmp",2,0.44438,2,"Surface","Surface"
"142","1.bmp",1,0.24605,5,"Surface","Surface"
"143","1.bmp",4,0.23013,7,"Invalid","Invalid"
"144","1.bmp",5,0.41025,4,"Surface","Surface"
"145","1.bmp",8,0.50917,8,"Invalid","Invalid"
"146","1.bmp",5,0.30399,4,"Invalid","Invalid"
"147","1.bmp",2,0.42656,2,"Invalid","Invalid"
"148","1.bmp",1,0.29585,5,"Surface","Surface"
"149","1.bmp",8,0.49333,8,"Surface","Surface"
"150","1.bmp",3,0.90384,1,"Invalid","Invalid"
"151","1.bmp",4,0.52536,7,"Surface","Surface"
"152","1.bmp",7,0.2299,9,"Meaningful","Meaningful"
"153","1.bmp",6,0.50888,3,"Surface","Surface"
"154","1.bmp",9,0.44323,6,"Surface","Surface"
"155","1.bmp",6,0.8378,3,"Surface","Surface"
"156","1.bmp",9,0.263,6,"Surface","Surface"
"157","1.bmp",7,1.60965,9,"Surface","Surface"
"158","1.bmp",4,0.21342,7,"Meaningful","Meaningful"
"159","1.bmp",1,0.21317,5,"Invalid","Invalid"
"160","1.bmp",5,0.42729,4,"Meaningful","Meaningful"
"161","1.bmp",4,0.21405,7,"Surface","Surface"
"162","1.bmp",5,0.48599,4,"Surface","Surface"
"163","1.bmp",4,0.22986,7,"Surface","Surface"
"164","1.bmp",5,0.2468,4,"Surface","Surface"
"165","1.bmp",8,0.2462,8,"Invalid","Invalid"
"166","1.bmp",7,0.61099,9,"Meaningful","Meaningful"
"167","1.bmp",8,0.19695,8,"Meaningful","Meaningful"
"168","1.bmp",6,0.24629,3,"Invalid","Invalid"
"169","1.bmp",5,0.31187,4,"Invalid","Invalid"
"170","1.bmp",2,0.31165,2,"Invalid","Invalid"
"171","1.bmp",1,0.32901,5,"Surface","Surface"
"172","1.bmp",8,0.51855,8,"Surface","Surface"
"173","1.bmp",9,0.21332,6,"Invalid","Invalid"
"174","1.bmp",8,0.69645,8,"Invalid","Invalid"
"175","1.bmp",7,0.39438,9,"Meaningful","Meaningful"
"176","1.bmp",8,0.42732,8,"Meaningful","Meaningful"
"177","1.bmp",2,0.47696,2,"Surface","Surface"
"178","1.bmp",1,0.39435,5,"Surface","Surface"
"179","1.bmp",8,0.31194,8,"Surface","Surface"
"180","1.bmp",4,0.26251,7,"Meaningful","Meaningful"
"181","1.bmp",2,0.49318,2,"Invalid","Invalid"
"182","1.bmp",1,0.73951,5,"Surface","Surface"
"183","1.bmp",3,0.34891,1,"Invalid","Invalid"
"184","1.bmp",1,0.22945,5,"Invalid","Invalid"
"185","1.bmp",3,0.87086,1,"Invalid","Invalid"
"186","1.bmp",5,0.67079,4,"Surface","Surface"
"187","1.bmp",6,0.24609,3,"Invalid","Invalid"
"188","1.bmp",8,0.55899,8,"Invalid","Invalid"
"189","1.bmp",1,0.32864,5,"Surface","Surface"
"190","1.bmp",2,0.73892,2,"Surface","Surface"
"191","1.bmp",3,0.47627,1,"Meaningful","Meaningful"
"192","1.bmp",5,0.37793,4,"Surface","Surface"
"193","1.bmp",4,0.30818,7,"Surface","Surface"
"194","1.bmp",5,0.36179,4,"Surface","Surface"
"195","1.bmp",7,0.60802,9,"Invalid","Invalid"
"196","1.bmp",2,0.19933,2,"Invalid","Invalid"
"197","1.bmp",0,0.31223,0,"Invalid","Invalid"
"198","1.bmp",6,0.24675,3,"Invalid","Invalid"
"199","1.bmp",4,0.19563,7,"Invalid","Invalid"
"200","1.bmp",7,0.3613,9,"Meaningful","Meaningful"
"201","1.bmp",4,0.32822,7,"Meaningful","Meaningful"
"202","1.bmp",7,0.96915,9,"Meaningful","Meaningful"
"203","1.bmp",8,1.31514,8,"Meaningful","Meaningful"
"204","1.bmp",7,0.75577,9,"Meaningful","Meaningful"
"205","1.bmp",4,0.21347,7,"Meaningful","Meaningful"
"206","1.bmp",8,0.21413,8,"Meaningful","Meaningful"
"207","1.bmp",4,0.21335,7,"Meaningful","Meaningful"
"208","1.bmp",8,1.1791,8,"Meaningful","Meaningful"
"209","2.bmp",7,0.31242,1,"Invalid","Invalid"
"210","2.bmp",9,0.19731,3,"Meaningful","Meaningful"
"211","2.bmp",8,0.22992,6,"Surface","Surface"
"212","2.bmp",4,0.34842,7,"Invalid","Invalid"
"213","2.bmp",7,0.55843,1,"Surface","Surface"
"214","2.bmp",4,1.49739,7,"Surface","Surface"
"215","2.bmp",7,0.62421,1,"Surface","Surface"
"216","2.bmp",4,2.66093,7,"Surface","Surface"
"217","2.bmp",7,0.31227,1,"Surface","Surface"
"218","2.bmp",8,0.87024,6,"Invalid","Invalid"
"219","2.bmp",7,0.26242,1,"Invalid","Invalid"
"220","2.bmp",8,1.3148,6,"Invalid","Invalid"
"221","2.bmp",7,0.54195,1,"Invalid","Invalid"
"222","2.bmp",4,0.50975,7,"Surface","Surface"
"223","2.bmp",0,0.13145,0,"Invalid","Invalid"
"224","2.bmp",8,0.45942,6,"Invalid","Invalid"
"225","2.bmp",5,0.19669,9,"Surface","Surface"
"226","2.bmp",2,0.21373,4,"Invalid","Invalid"
"227","2.bmp",3,0.24707,8,"Invalid","Invalid"
"228","2.bmp",10,0.08665,10,"Invalid","Invalid"
"229","2.bmp",8,0.6738,6,"Invalid","Invalid"
"230","2.bmp",10,0.26295,10,"Invalid","Invalid"
"231","2.bmp",8,0.59184,6,"Invalid","Invalid"
"232","2.bmp",5,0.41016,9,"Surface","Surface"
"233","2.bmp",4,0.26233,7,"Meaningful","Meaningful"
"234","2.bmp",1,0.2301,5,"Invalid","Invalid"
"235","2.bmp",3,1.34704,8,"Surface","Surface"
"236","2.bmp",6,0.21327,2,"Surface","Surface"
"237","2.bmp",9,1.18288,3,"Meaningful","Meaningful"
"238","2.bmp",8,0.65696,6,"Surface","Surface"
"239","2.bmp",7,1.06687,1,"Invalid","Invalid"
"240","2.bmp",4,0.76922,7,"Surface","Surface"
"241","2.bmp",2,0.19762,4,"Surface","Surface"
"242","2.bmp",1,0.29601,5,"Meaningful","Meaningful"
"243","2.bmp",4,0.75699,7,"Invalid","Invalid"
"244","2.bmp",2,0.21315,4,"Surface","Surface"
"245","2.bmp",1,1.01825,5,"Meaningful","Meaningful"
"246","2.bmp",5,0.19888,9,"Invalid","Invalid"
"247","2.bmp",4,0.85786,7,"Meaningful","Meaningful"
"248","2.bmp",7,0.72519,1,"Surface","Surface"
"249","2.bmp",4,0.26248,7,"Surface","Surface"
"250","2.bmp",1,3.91114,5,"Invalid","Invalid"
"251","2.bmp",3,0.22902,8,"Surface","Surface"
"252","2.bmp",5,0.32829,9,"Meaningful","Meaningful"
"253","2.bmp",6,1.00241,2,"Invalid","Invalid"
"254","2.bmp",8,3.33332,6,"Invalid","Invalid"
"255","2.bmp",5,1.50585,9,"Surface","Surface"
"256","2.bmp",2,0.23029,4,"Invalid","Invalid"
"257","2.bmp",9,0.83739,3,"Invalid","Invalid"
"258","2.bmp",6,0.37804,2,"Meaningful","Meaningful"
"259","2.bmp",3,0.42717,8,"Surface","Surface"
"260","2.bmp",5,1.20664,9,"Meaningful","Meaningful"
"261","2.bmp",2,0.6239,4,"Invalid","Invalid"
"262","2.bmp",1,0.26331,5,"Meaningful","Meaningful"
"263","2.bmp",4,0.2791,7,"Invalid","Invalid"
"264","2.bmp",8,0.24673,6,"Invalid","Invalid"
"265","2.bmp",5,0.26363,9,"Surface","Surface"
"266","2.bmp",3,0.97229,8,"Meaningful","Meaningful"
"267","2.bmp",1,1.65928,5,"Surface","Surface"
"268","2.bmp",5,0.59087,9,"Invalid","Invalid"
"269","2.bmp",1,0.37788,5,"Invalid","Invalid"
"270","3.bmp",5,2.33316,6,"Invalid","Invalid"
"271","3.bmp",8,2.30022,7,"Invalid","Invalid"
"272","3.bmp",1,0.78866,1,"Surface","Surface"
"273","3.bmp",8,0.11497,7,"Surface","Surface"
"274","3.bmp",5,0.35501,6,"Invalid","Invalid"
"275","3.bmp",10,0.72319,10,"Invalid","Invalid"
"276","3.bmp",4,0.70625,2,"Invalid","Invalid"
"277","3.bmp",1,1.26514,1,"Meaningful","Meaningful"
"278","3.bmp",10,0.50893,10,"Invalid","Invalid"
"279","3.bmp",5,1.38911,6,"Invalid","Invalid"
"280","3.bmp",1,0.27905,1,"Invalid","Invalid"
"281","3.bmp",4,0.23109,2,"Meaningful","Meaningful"
"282","3.bmp",2,0.23187,5,"Surface","Surface"
"283","3.bmp",6,0.37766,9,"Invalid","Invalid"
"284","3.bmp",9,2.05694,3,"Surface","Surface"
"285","3.bmp",8,0.23018,7,"Invalid","Invalid"
"286","3.bmp",7,0.47626,8,"Meaningful","Meaningful"
"287","3.bmp",4,0.72256,2,"Surface","Surface"
"288","3.bmp",9,1.03762,3,"Meaningful","Meaningful"
"289","3.bmp",3,0.62688,4,"Invalid","Invalid"
"290","3.bmp",2,0.31221,5,"Meaningful","Meaningful"
"291","3.bmp",1,0.04898,1,"Invalid","Invalid"
"292","3.bmp",5,0.37749,6,"Invalid","Invalid"
"293","3.bmp",4,0.24631,2,"Invalid","Invalid"
"294","3.bmp",8,1.34686,7,"Invalid","Invalid"
"295","3.bmp",5,0.55869,6,"Invalid","Invalid"
"296","3.bmp",6,0.44536,9,"Surface","Surface"
"297","3.bmp",4,0.34492,2,"Invalid","Invalid"
"298","3.bmp",2,0.29572,5,"Surface","Surface"
"299","3.bmp",1,1.15142,1,"Invalid","Invalid"
"300","3.bmp",3,0.90736,4,"Surface","Surface"
"301","3.bmp",4,0.21324,2,"Invalid","Invalid"
"302","3.bmp",7,0.21367,8,"Surface","Surface"
"303","3.bmp",2,0.21379,5,"Surface","Surface"
"304","4.bmp",3,0.24643,6,"Invalid","Invalid"
"305","4.bmp",8,0.62526,8,"Invalid","Invalid"
"306","4.bmp",1,0.45847,9,"Meaningful","Meaningful"
"307","4.bmp",0,0.21342,0,"Invalid","Invalid"
"308","4.bmp",5,0.1815,4,"Invalid","Invalid"
"309","4.bmp",0,0.0825,0,"Invalid","Invalid"
"310","4.bmp",8,0.46026,8,"Invalid","Invalid"
"311","4.bmp",3,0.23004,6,"Invalid","Invalid"
"312","4.bmp",1,0.21349,9,"Surface","Surface"
"313","4.bmp",8,0.55794,8,"Meaningful","Meaningful"
"314","4.bmp",0,0.32854,0,"Invalid","Invalid"
"315","4.bmp",4,0.24648,3,"Invalid","Invalid"
"316","4.bmp",1,0.21124,9,"Surface","Surface"
"317","4.bmp",2,0.21284,1,"Invalid","Invalid"
"318","4.bmp",6,0.21219,5,"Invalid","Invalid"
"319","4.bmp",9,0.24522,7,"Invalid","Invalid"
"320","4.bmp",5,0.36098,4,"Surface","Surface"
"321","4.bmp",6,0.93627,5,"Meaningful","Meaningful"
"322","4.bmp",3,0.19705,6,"Meaningful","Meaningful"
"323","4.bmp",1,0.91858,9,"Surface","Surface"
"324","4.bmp",6,0.21417,5,"Invalid","Invalid"
"325","4.bmp",4,0.82098,3,"Invalid","Invalid"
"326","4.bmp",7,0.29559,2,"Meaningful","Meaningful"
"327","4.bmp",8,0.95315,8,"Surface","Surface"
"328","4.bmp",7,0.31195,2,"Surface","Surface"
"329","4.bmp",4,1.2645,3,"Meaningful","Meaningful"
"330","4.bmp",1,0.78949,9,"Surface","Surface"
"331","4.bmp",3,1.00192,6,"Surface","Surface"
"332","4.bmp",2,0.36124,1,"Invalid","Invalid"
"333","4.bmp",5,0.3772,4,"Surface","Surface"
"334","4.bmp",4,0.24622,3,"Invalid","Invalid"
"335","4.bmp",1,0.85428,9,"Surface","Surface"
"336","4.bmp",6,0.60449,5,"Invalid","Invalid"
"337","4.bmp",9,0.44296,7,"Invalid","Invalid"
"338","4.bmp",8,0.22983,8,"Meaningful","Meaningful"
"339","4.bmp",7,0.26239,2,"Surface","Surface"
"340","4.bmp",8,2.74328,8,"Surface","Surface"
"341","4.bmp",4,1.5278,3,"Invalid","Invalid"
"342","4.bmp",5,0.49271,4,"Invalid","Invalid"
"343","4.bmp",8,0.2301,8,"Invalid","Invalid"
"344","4.bmp",5,0.22992,4,"Invalid","Invalid"
"345","4.bmp",9,0.19687,7,"Surface","Surface"
"346","4.bmp",8,0.21301,8,"Meaningful","Meaningful"
"347","5.bmp",10,0.44397,10,"Invalid","Invalid"
"348","5.bmp",4,1.11682,7,"Invalid","Invalid"
"349","5.bmp",1,0.50934,9,"Meaningful","Meaningful"
"350","5.bmp",8,1.54441,2,"Invalid","Invalid"
"351","5.bmp",10,0.38513,10,"Invalid","Invalid"
"352","5.bmp",5,0.24719,5,"Invalid","Invalid"
"353","5.bmp",7,0.34277,8,"Surface","Surface"
"354","5.bmp",8,0.47641,2,"Surface","Surface"
"355","5.bmp",0,0.87073,0,"Invalid","Invalid"
"356","5.bmp",10,0.21362,10,"Invalid","Invalid"
"357","5.bmp",0,0.37775,0,"Invalid","Invalid"
"358","5.bmp",8,0.93674,2,"Invalid","Invalid"
"359","5.bmp",5,0.21323,5,"Surface","Surface"
"360","5.bmp",6,0.24664,4,"Meaningful","Meaningful"
"361","5.bmp",2,0.19696,6,"Meaningful","Meaningful"
"362","5.bmp",3,0.22958,3,"Surface","Surface"
"363","5.bmp",1,0.75519,9,"Surface","Surface"
"364","5.bmp",5,0.27966,5,"Invalid","Invalid"
"365","5.bmp",8,0.3287,2,"Surface","Surface"
"366","5.bmp",7,0.86956,8,"Surface","Surface"
"367","5.bmp",9,0.04962,1,"Invalid","Invalid"
"368","5.bmp",6,0.26279,4,"Surface","Surface"
"369","5.bmp",4,0.24683,7,"Surface","Surface"
"370","5.bmp",9,0.59543,1,"Surface","Surface"
"371","5.bmp",6,0.26309,4,"Surface","Surface"
"372","5.bmp",3,0.49326,3,"Invalid","Invalid"
"373","5.bmp",2,0.34494,6,"Surface","Surface"
"374","5.bmp",5,0.39587,5,"Meaningful","Meaningful"
"375","5.bmp",1,0.7561,9,"Invalid","Invalid"
"376","5.bmp",3,0.37766,3,"Surface","Surface"
"377","5.bmp",5,0.49286,5,"Invalid","Invalid"
"378","5.bmp",7,0.42709,8,"Surface","Surface"
"379","5.bmp",8,0.27878,2,"Surface","Surface"
"380","5.bmp",6,0.22379,4,"Invalid","Invalid"
"381","5.bmp",4,0.4277,7,"Surface","Surface"
"382","5.bmp",6,0.60834,4,"Surface","Surface"
"383","5.bmp",5,1.13416,5,"Meaningful","Meaningful"
"384","5.bmp",8,0.2305,2,"Surface","Surface"
"385","5.bmp",7,0.24759,8,"Surface","Surface"
"386","5.bmp",6,0.45993,4,"Invalid","Invalid"
"387","5.bmp",9,0.85156,1,"Surface","Surface"
"388","5.bmp",2,0.96976,6,"Invalid","Invalid"
"389","6.bmp",9,0.65704,1,"Invalid","Invalid"
"390","6.bmp",10,0.46075,10,"Invalid","Invalid"
"391","6.bmp",9,0.96936,1,"Invalid","Invalid"
"392","6.bmp",6,0.21329,7,"Surface","Surface"
"393","6.bmp",9,0.40961,1,"Surface","Surface"
"394","6.bmp",4,0.3942,3,"Meaningful","Meaningful"
"395","6.bmp",6,0.4765,7,"Invalid","Invalid"
"396","6.bmp",9,0.39438,1,"Surface","Surface"
"397","6.bmp",10,0.41055,10,"Invalid","Invalid"
"398","6.bmp",9,0.72446,1,"Invalid","Invalid"
"399","6.bmp",4,0.36163,3,"Meaningful","Meaningful"
"400","6.bmp",5,0.29572,5,"Invalid","Invalid"
"401","6.bmp",6,0.36163,7,"Invalid","Invalid"
"402","6.bmp",4,0.22949,3,"Invalid","Invalid"
"403","6.bmp",6,0.31216,7,"Invalid","Invalid"
"404","6.bmp",8,0.29593,9,"Meaningful","Meaningful"
"405","6.bmp",5,1.36105,5,"Invalid","Invalid"
"406","6.bmp",6,0.19702,7,"Invalid","Invalid"
"407","6.bmp",9,0.23032,1,"Surface","Surface"
"408","6.bmp",1,0.19839,4,"Surface","Surface"
"409","6.bmp",5,0.26273,5,"Meaningful","Meaningful"
"410","6.bmp",4,0.95263,3,"Invalid","Invalid"
"411","6.bmp",1,0.34467,4,"Invalid","Invalid"
"412","6.bmp",3,0.90356,6,"Meaningful","Meaningful"
"413","6.bmp",8,1.11816,9,"Surface","Surface"
"414","6.bmp",4,0.50864,3,"Surface","Surface"
"415","6.bmp",5,0.52591,5,"Invalid","Invalid"
"416","6.bmp",7,0.24683,8,"Surface","Surface"
"417","6.bmp",2,0.32864,2,"Surface","Surface"
"418","6.bmp",3,0.90448,6,"Invalid","Invalid"
"419","6.bmp",8,0.3779,9,"Surface","Surface"
"420","6.bmp",0,0.92026,0,"Invalid","Invalid"
"421","6.bmp",8,0.31219,9,"Invalid","Invalid"
"422","6.bmp",3,0.78799,6,"Surface","Surface"
"423","6.bmp",6,0.5253,7,"Invalid","Invalid"
"424","6.bmp",9,0.26276,1,"Surface","Surface"
"425","6.bmp",0,0.24731,0,"Invalid","Invalid"
"426","6.bmp",1,1.10913,4,"Invalid","Invalid"
"427","6.bmp",5,0.52582,5,"Meaningful","Meaningful"
"428","6.bmp",2,0.2626,2,"Surface","Surface"
"429","6.bmp",5,0.2793,5,"Surface","Surface"
"430","6.bmp",7,0.37564,8,"Surface","Surface"
"431","6.bmp",6,0.21341,7,"Meaningful","Meaningful"
"432","6.bmp",5,0.22955,5,"Invalid","Invalid"
"433","6.bmp",3,0.24625,6,"Meaningful","Meaningful"
"434","6.bmp",6,0.26248,7,"Invalid","Invalid"
"435","6.bmp",9,0.85382,1,"Surface","Surface"
"436","7.bmp",6,0.37405,2,"Invalid","Invalid"
"437","7.bmp",10,0.39456,10,"Invalid","Invalid"
"438","7.bmp",4,0.55875,6,"Invalid","Invalid"
"439","7.bmp",1,0.263,5,"Invalid","Invalid"
"440","7.bmp",6,0.19656,2,"Surface","Surface"
"441","7.bmp",1,0.41122,5,"Surface","Surface"
"442","7.bmp",6,0.49283,2,"Surface","Surface"
"443","7.bmp",9,0.24661,4,"Invalid","Invalid"
"444","7.bmp",10,0.24646,10,"Invalid","Invalid"
"445","7.bmp",9,0.31177,4,"Invalid","Invalid"
"446","7.bmp",10,0.4285,10,"Invalid","Invalid"
"447","7.bmp",5,0.47583,7,"Invalid","Invalid"
"448","7.bmp",10,0.21384,10,"Invalid","Invalid"
"449","7.bmp",8,0.24594,9,"Invalid","Invalid"
"450","7.bmp",9,0.23013,4,"Invalid","Invalid"
"451","7.bmp",6,0.2135,2,"Invalid","Invalid"
"452","7.bmp",0,0.21365,0,"Invalid","Invalid"
"453","7.bmp",2,0.36182,8,"Invalid","Invalid"
"454","7.bmp",1,0.23376,5,"Surface","Surface"
"455","7.bmp",6,0.19733,2,"Surface","Surface"
"456","7.bmp",5,1.17025,7,"Invalid","Invalid"
"457","7.bmp",8,0.263,9,"Invalid","Invalid"
"458","7.bmp",3,0.46506,1,"Invalid","Invalid"
"459","7.bmp",2,0.37814,8,"Invalid","Invalid"
"460","7.bmp",3,0.31256,1,"Invalid","Invalid"
"461","7.bmp",6,0.69007,2,"Meaningful","Meaningful"
"462","7.bmp",5,0.42676,7,"Invalid","Invalid"
"463","7.bmp",8,0.74164,9,"Invalid","Invalid"
"464","7.bmp",7,1.24704,3,"Surface","Surface"
"465","7.bmp",9,0.46048,4,"Invalid","Invalid"
"466","7.bmp",4,1.77307,6,"Invalid","Invalid"
"467","7.bmp",1,0.52551,5,"Invalid","Invalid"
"468","7.bmp",7,0.34555,3,"Invalid","Invalid"
"469","7.bmp",5,0.29593,7,"Invalid","Invalid"
"470","7.bmp",2,0.39447,8,"Invalid","Invalid"
"471","7.bmp",1,0.43954,5,"Surface","Surface"
"472","7.bmp",6,0.32864,2,"Surface","Surface"
"473","7.bmp",8,0.5087,9,"Invalid","Invalid"
"474","7.bmp",9,1.01874,4,"Invalid","Invalid"
"475","7.bmp",6,0.95303,2,"Invalid","Invalid"
"476","7.bmp",3,0.27921,1,"Meaningful","Meaningful"
"477","7.bmp",2,0.62481,8,"Invalid","Invalid"
"478","7.bmp",5,0.43039,7,"Invalid","Invalid"
"479","7.bmp",6,0.5253,2,"Invalid","Invalid"
"480","7.bmp",5,0.84961,7,"Invalid","Invalid"
"481","7.bmp",8,0.19717,9,"Invalid","Invalid"
"482","7.bmp",7,2.08664,3,"Surface","Surface"
"483","7.bmp",3,0.19717,1,"Meaningful","Meaningful"
"484","7.bmp",7,0.19711,3,"Meaningful","Meaningful"
"485","7.bmp",4,0.3775,6,"Surface","Surface"
"486","7.bmp",1,0.36185,5,"Invalid","Invalid"
"487","7.bmp",6,1.39579,2,"Surface","Surface"
"488","7.bmp",1,2.54801,5,"Surface","Surface"
"489","7.bmp",2,0.44537,8,"Surface","Surface"
"490","7.bmp",4,0.24673,6,"Invalid","Invalid"
"491","7.bmp",0,0.29608,0,"Invalid","Invalid"
"492","7.bmp",2,0.21179,8,"Invalid","Invalid"
"493","7.bmp",5,0.37961,7,"Invalid","Invalid"
"494","7.bmp",8,1.80606,9,"Invalid","Invalid"
"495","7.bmp",9,0.75531,4,"Invalid","Invalid"
"496","7.bmp",6,0.21552,2,"Invalid","Invalid"
"497","7.bmp",2,1.21521,8,"Surface","Surface"
"498","7.bmp",3,0.55969,1,"Invalid","Invalid"
"499","7.bmp",2,0.24661,8,"Invalid","Invalid"
"500","7.bmp",5,0.2962,7,"Invalid","Invalid"
"501","7.bmp",2,0.21329,8,"Invalid","Invalid"
"502","8.bmp",3,0.8869,1,"Invalid","Invalid"
"503","8.bmp",0,0.55811,0,"Invalid","Invalid"
"504","8.bmp",5,0.26227,2,"Invalid","Invalid"
"505","8.bmp",7,0.26297,3,"Meaningful","Meaningful"
"506","8.bmp",8,0.23013,9,"Surface","Surface"
"507","8.bmp",10,0.22971,10,"Invalid","Invalid"
"508","8.bmp",0,0.29532,0,"Invalid","Invalid"
"509","8.bmp",7,0.24585,3,"Invalid","Invalid"
"510","8.bmp",5,0.21216,2,"Meaningful","Meaningful"
"511","8.bmp",4,0.2298,5,"Surface","Surface"
"512","8.bmp",5,0.328,2,"Surface","Surface"
"513","8.bmp",3,0.19678,1,"Meaningful","Meaningful"
"514","8.bmp",5,0.55911,2,"Meaningful","Meaningful"
"515","8.bmp",2,0.24683,4,"Invalid","Invalid"
"516","8.bmp",1,0.27914,8,"Invalid","Invalid"
"517","8.bmp",2,0.27887,4,"Invalid","Invalid"
"518","8.bmp",7,0.59161,3,"Invalid","Invalid"
"519","8.bmp",8,0.21396,9,"Surface","Surface"
"520","8.bmp",7,0.36386,3,"Surface","Surface"
"521","8.bmp",8,0.27921,9,"Surface","Surface"
"522","8.bmp",4,0.21326,5,"Invalid","Invalid"
"523","8.bmp",8,0.2301,9,"Invalid","Invalid"
"524","8.bmp",6,0.31201,7,"Meaningful","Meaningful"
"525","8.bmp",3,0.26154,1,"Surface","Surface"
"526","8.bmp",10,0.08167,10,"Invalid","Invalid"
"527","8.bmp",8,0.65671,9,"Invalid","Invalid"
"528","8.bmp",5,0.95221,2,"Invalid","Invalid"
"529","8.bmp",4,0.21329,5,"Surface","Surface"
"530","8.bmp",1,0.20087,8,"Surface","Surface"
"531","8.bmp",3,0.21292,1,"Invalid","Invalid"
"532","8.bmp",6,0.24612,7,"Surface","Surface"
"533","8.bmp",9,0.26318,6,"Invalid","Invalid"
"534","8.bmp",8,0.2464,9,"Surface","Surface"
"535","8.bmp",7,0.2467,3,"Surface","Surface"
"536","8.bmp",9,0.31229,6,"Surface","Surface"
"537","8.bmp",2,0.49252,4,"Meaningful","Meaningful"
"538","8.bmp",5,0.70602,2,"Invalid","Invalid"
"539","8.bmp",6,0.26181,7,"Invalid","Invalid"
"540","8.bmp",3,0.2121,1,"Surface","Surface"
"541","8.bmp",6,0.23618,7,"Surface","Surface"
"542","8.bmp",5,0.26248,2,"Invalid","Invalid"
"543","8.bmp",4,0.24564,5,"Surface","Surface"
"544","8.bmp",1,0.246,8,"Surface","Surface"
"545","8.bmp",5,0.24631,2,"Surface","Surface"
"546","8.bmp",4,0.41119,5,"Surface","Surface"
"547","8.bmp",5,1.67496,2,"Surface","Surface"
"548","8.bmp",4,0.44333,5,"Surface","Surface"
"549","8.bmp",5,0.4436,2,"Surface","Surface"
"550","8.bmp",1,1.06662,8,"Surface","Surface"
"551","9.bmp",5,0.49268,6,"Invalid","Invalid"
"552","9.bmp",4,0.29553,9,"Invalid","Invalid"
"553","9.bmp",7,0.22876,5,"Invalid","Invalid"
"554","9.bmp",8,0.21432,2,"Surface","Surface"
"555","9.bmp",5,0.34518,6,"Invalid","Invalid"
"556","9.bmp",8,0.70663,2,"Invalid","Invalid"
"557","9.bmp",5,0.50949,6,"Invalid","Invalid"
"558","9.bmp",0,0.55847,0,"Invalid","Invalid"
"559","9.bmp",4,0.21368,9,"Invalid","Invalid"
"560","9.bmp",10,0.608,10,"Invalid","Invalid"
"561","9.bmp",5,0.42755,6,"Invalid","Invalid"
"562","9.bmp",1,0.36142,7,"Meaningful","Meaningful"
"563","9.bmp",5,0.45987,6,"Meaningful","Meaningful"
"564","9.bmp",4,0.2793,9,"Invalid","Invalid"
"565","9.bmp",10,0.46014,10,"Invalid","Invalid"
"566","9.bmp",5,0.29596,6,"Invalid","Invalid"
"567","9.bmp",6,0.22964,3,"Surface","Surface"
"568","9.bmp",5,0.21362,6,"Surface","Surface"
"569","9.bmp",8,0.37643,2,"Invalid","Invalid"
"570","9.bmp",5,0.72272,6,"Invalid","Invalid"
"571","9.bmp",4,0.26273,9,"Invalid","Invalid"
"572","9.bmp",1,0.31219,7,"Surface","Surface"
"573","9.bmp",2,0.23056,4,"Surface","Surface"
"574","9.bmp",3,0.24634,1,"Invalid","Invalid"
"575","9.bmp",6,0.19672,3,"Surface","Surface"
"576","9.bmp",5,0.57422,6,"Surface","Surface"
"577","9.bmp",8,0.21356,2,"Invalid","Invalid"
"578","9.bmp",7,0.41135,5,"Surface","Surface"
"579","9.bmp",9,0.75515,8,"Surface","Surface"
"580","9.bmp",8,0.21387,2,"Surface","Surface"
"581","9.bmp",9,0.49341,8,"Surface","Surface"
"582","9.bmp",6,0.22971,3,"Invalid","Invalid"
"583","9.bmp",3,0.32877,1,"Surface","Surface"
"584","9.bmp",2,0.24692,4,"Invalid","Invalid"
"585","9.bmp",1,0.32904,7,"Surface","Surface"
"586","9.bmp",4,0.2132,9,"Surface","Surface"
"587","9.bmp",1,0.29581,7,"Surface","Surface"
"588","9.bmp",2,0.97622,4,"Surface","Surface"
"589","9.bmp",5,0.72272,6,"Invalid","Invalid"
"590","9.bmp",7,1.05377,5,"Invalid","Invalid"
"591","9.bmp",8,2.49576,2,"Surface","Surface"
"592","9.bmp",7,1.08386,5,"Surface","Surface"
"593","9.bmp",0,1.00186,0,"Invalid","Invalid"
"594","9.bmp",9,0.19769,8,"Invalid","Invalid"
"595","9.bmp",7,0.31165,5,"Surface","Surface"
"596","9.bmp",8,0.3942,2,"Surface","Surface"
"597","9.bmp",9,1.49298,8,"Surface","Surface"
"598","9.bmp",8,0.78873,2,"Surface","Surface"
"599","9.bmp",5,0.23004,6,"Invalid","Invalid"
"600","9.bmp",6,0.24911,3,"Surface","Surface"
"601","10.bmp",9,0.64002,5,"Invalid","Invalid"
"602","10.bmp",8,0.27924,7,"Meaningful","Meaningful"
"603","10.bmp",10,0.23032,10,"Invalid","Invalid"
"604","10.bmp",8,1.88488,7,"Invalid","Invalid"
"605","10.bmp",0,0.34286,0,"Invalid","Invalid"
"606","10.bmp",9,0.93701,5,"Invalid","Invalid"
"607","10.bmp",10,0.65729,10,"Invalid","Invalid"
"608","10.bmp",8,0.67358,7,"Invalid","Invalid"
"609","10.bmp",5,0.64075,2,"Surface","Surface"
"610","10.bmp",4,0.24664,4,"Surface","Surface"
"611","10.bmp",8,0.22998,7,"Surface","Surface"
"612","10.bmp",10,0.23129,10,"Invalid","Invalid"
"613","10.bmp",5,1.52668,2,"Invalid","Invalid"
"614","10.bmp",8,0.22971,7,"Surface","Surface"
"615","10.bmp",4,0.3616,4,"Surface","Surface"
"616","10.bmp",2,0.27963,1,"Invalid","Invalid"
"617","10.bmp",7,0.28375,9,"Surface","Surface"
"618","10.bmp",6,0.32837,3,"Invalid","Invalid"
"619","10.bmp",9,0.29498,5,"Surface","Surface"
"620","10.bmp",1,0.24658,6,"Surface","Surface"
"621","10.bmp",6,0.26279,3,"Surface","Surface"
"622","10.bmp",9,0.85425,5,"Surface","Surface"
"623","10.bmp",5,0.22974,2,"Invalid","Invalid"
"624","10.bmp",8,1.64188,7,"Surface","Surface"
"625","10.bmp",5,0.31232,2,"Surface","Surface"
"626","10.bmp",0,0.41104,0,"Invalid","Invalid"
"627","10.bmp",4,0.22992,4,"Invalid","Invalid"
"628","10.bmp",7,0.21304,9,"Invalid","Invalid"
"629","10.bmp",2,0.21545,1,"Surface","Surface"
"630","10.bmp",3,0.26404,8,"Surface","Surface"
"631","10.bmp",2,0.37842,1,"Surface","Surface"
"632","10.bmp",5,0.23038,2,"Invalid","Invalid"
"633","10.bmp",4,0.37732,4,"Surface","Surface"
"634","11.bmp",6,0.72299,4,"Invalid","Invalid"
"635","11.bmp",8,1.46148,3,"Surface","Surface"
"636","11.bmp",0,0.41083,0,"Invalid","Invalid"
"637","11.bmp",5,0.22983,2,"Invalid","Invalid"
"638","11.bmp",4,0.26248,1,"Surface","Surface"
"639","11.bmp",8,0.42719,3,"Invalid","Invalid"
"640","11.bmp",4,1.18155,1,"Invalid","Invalid"
"641","11.bmp",8,0.21332,3,"Invalid","Invalid"
"642","11.bmp",5,0.83648,2,"Invalid","Invalid"
"643","11.bmp",10,0.19696,10,"Invalid","Invalid"
"644","11.bmp",5,0.29584,2,"Invalid","Invalid"
"645","11.bmp",6,0.49332,4,"Invalid","Invalid"
"646","11.bmp",7,0.24768,8,"Surface","Surface"
"647","11.bmp",8,0.24652,3,"Surface","Surface"
"648","11.bmp",5,0.21384,2,"Invalid","Invalid"
"649","11.bmp",8,0.19696,3,"Invalid","Invalid"
"650","11.bmp",5,0.23013,2,"Invalid","Invalid"
"651","11.bmp",8,0.31274,3,"Invalid","Invalid"
"652","11.bmp",10,0.96646,10,"Invalid","Invalid"
"653","11.bmp",5,0.52545,2,"Invalid","Invalid"
"654","11.bmp",4,0.32825,1,"Surface","Surface"
"655","11.bmp",6,0.24582,4,"Invalid","Invalid"
"656","11.bmp",9,0.37787,7,"Invalid","Invalid"
"657","11.bmp",6,0.21378,4,"Invalid","Invalid"
"658","11.bmp",3,0.36151,6,"Invalid","Invalid"
"659","11.bmp",2,0.24612,9,"Surface","Surface"
"660","11.bmp",1,0.34491,5,"Surface","Surface"
"661","11.bmp",6,1.41381,4,"Invalid","Invalid"
"662","11.bmp",5,0.60752,2,"Invalid","Invalid"
"663","11.bmp",6,1.49441,4,"Invalid","Invalid"
"664","11.bmp",9,0.04919,7,"Invalid","Invalid"
"665","11.bmp",5,0.2384,2,"Surface","Surface"
"666","11.bmp",7,0.21326,8,"Invalid","Invalid"
"667","11.bmp",8,0.9516,3,"Surface","Surface"
"668","11.bmp",7,0.88703,8,"Surface","Surface"
"669","11.bmp",4,0.29544,1,"Invalid","Invalid"
"670","11.bmp",1,0.3616,5,"Invalid","Invalid"
"671","11.bmp",2,0.36115,9,"Surface","Surface"
"672","11.bmp",3,0.64093,6,"Surface","Surface"
"673","11.bmp",6,0.65744,4,"Invalid","Invalid"
"674","11.bmp",3,1.46268,6,"Invalid","Invalid"
"675","11.bmp",5,0.85315,2,"Invalid","Invalid"
"676","11.bmp",9,0.19711,7,"Surface","Surface"
"677","11.bmp",7,0.39438,8,"Invalid","Invalid"
"678","11.bmp",1,0.24341,5,"Invalid","Invalid"
"679","11.bmp",4,0.24695,1,"Invalid","Invalid"
"680","11.bmp",2,0.6401,9,"Invalid","Invalid"
"681","11.bmp",1,0.22943,5,"Surface","Surface"
"682","11.bmp",5,0.83374,2,"Invalid","Invalid"
"683","11.bmp",6,0.26263,4,"Invalid","Invalid"
"684","11.bmp",2,0.48828,9,"Invalid","Invalid"
"685","11.bmp",6,0.21478,4,"Invalid","Invalid"
"686","11.bmp",8,1.00198,3,"Surface","Surface"
"687","11.bmp",6,0.19714,4,"Surface","Surface"
"688","11.bmp",8,0.26315,3,"Surface","Surface"
"689","11.bmp",7,0.41104,8,"Surface","Surface"
"690","11.bmp",5,0.91995,2,"Invalid","Invalid"
"691","11.bmp",0,0.29568,0,"Invalid","Invalid"
"692","11.bmp",3,0.328,6,"Invalid","Invalid"
"693","11.bmp",9,0.20413,7,"Invalid","Invalid"
"694","11.bmp",0,0.64035,0,"Invalid","Invalid"
"695","11.bmp",4,0.85394,1,"Invalid","Invalid"
"696","11.bmp",1,0.21323,5,"Invalid","Invalid"
"697","11.bmp",5,0.21432,2,"Invalid","Invalid"
"698","11.bmp",9,0.70615,7,"Surface","Surface"
"699","11.bmp",5,0.39444,2,"Surface","Surface"
"700","11.bmp",6,0.70636,4,"Invalid","Invalid"
"701","11.bmp",2,0.26312,9,"Invalid","Invalid"
"702","11.bmp",4,0.2164,1,"Invalid","Invalid"
"703","11.bmp",7,0.21576,8,"Invalid","Invalid"
"704","11.bmp",8,0.47641,3,"Surface","Surface"
"705","11.bmp",4,0.2135,1,"Invalid","Invalid"
"706","11.bmp",7,0.37741,8,"Invalid","Invalid"
"707","11.bmp",5,1.16641,2,"Invalid","Invalid"
"708","11.bmp",9,0.39471,7,"Surface","Surface"
"709","11.bmp",5,0.22968,2,"Surface","Surface"
"710","11.bmp",9,0.69043,7,"Surface","Surface"
"711","11.bmp",6,0.3945,4,"Invalid","Invalid"
"712","11.bmp",3,0.29538,6,"Invalid","Invalid"
"713","11.bmp",6,0.23105,4,"Invalid","Invalid"
"714","11.bmp",5,0.21359,2,"Invalid","Invalid"
"715","11.bmp",8,0.24612,3,"Invalid","Invalid"
"716","11.bmp",5,0.2464,2,"Invalid","Invalid"
"717","11.bmp",2,0.37784,9,"Invalid","Invalid"
"718","11.bmp",5,0.23013,2,"Invalid","Invalid"
"719","11.bmp",4,0.44321,1,"Surface","Surface"
"720","11.bmp",9,0.21371,7,"Surface","Surface"
"721","11.bmp",3,0.22977,6,"Invalid","Invalid"
"722","11.bmp",2,0.26318,9,"Surface","Surface"
"723","11.bmp",6,0.26263,4,"Invalid","Invalid"
"724","11.bmp",2,0.34485,9,"Invalid","Invalid"
"725","11.bmp",9,0.26315,7,"Invalid","Invalid"
"726","11.bmp",8,0.52478,3,"Invalid","Invalid"
"727","11.bmp",5,0.24591,2,"Invalid","Invalid"
"728","11.bmp",8,0.26242,3,"Invalid","Invalid"
"729","11.bmp",9,0.23029,7,"Invalid","Invalid"
"730","11.bmp",5,0.21393,2,"Surface","Surface"
"731","11.bmp",4,0.23047,1,"Surface","Surface"
"732","11.bmp",9,0.19708,7,"Surface","Surface"
"733","11.bmp",0,0.34506,0,"Invalid","Invalid"
"734","11.bmp",9,0.34531,7,"Invalid","Invalid"
"735","11.bmp",0,0.19708,0,"Invalid","Invalid"
"736","11.bmp",6,0.21347,4,"Invalid","Invalid"
"737","11.bmp",3,0.19754,6,"Invalid","Invalid"
"738","11.bmp",0,1.31338,0,"Invalid","Invalid"
"739","11.bmp",9,0.26306,7,"Invalid","Invalid"
"740","11.bmp",7,0.2674,8,"Invalid","Invalid"
"741","11.bmp",8,0.22974,3,"Surface","Surface"
"742","11.bmp",6,0.21249,4,"Surface","Surface"
"743","11.bmp",8,0.23019,3,"Surface","Surface"
"744","11.bmp",6,0.23065,4,"Surface","Surface"
"745","11.bmp",3,0.37772,6,"Invalid","Invalid"
"746","11.bmp",9,0.24628,7,"Invalid","Invalid"
"747","11.bmp",7,0.19772,8,"Invalid","Invalid"
"748","11.bmp",8,0.31213,3,"Surface","Surface"
"749","11.bmp",9,0.21341,7,"Invalid","Invalid"
"750","11.bmp",6,0.21381,4,"Invalid","Invalid"
"751","11.bmp",7,0.60757,8,"Surface","Surface"
"752","11.bmp",0,0.90326,0,"Invalid","Invalid"
"753","11.bmp",6,0.11484,4,"Invalid","Invalid"
"754","11.bmp",9,0.22995,7,"Invalid","Invalid"
"755","11.bmp",5,0.23108,2,"Surface","Surface"
"756","11.bmp",4,0.22986,1,"Surface","Surface"
"757","11.bmp",0,0.2301,0,"Invalid","Invalid"
"758","11.bmp",1,0.24661,5,"Invalid","Invalid"
